<?xml version="1.0" encoding="UTF-8" ?>
<extension type="package" version="3.0" method="upgrade" client="site">
	<name>pkg_joomslot</name>
	<creationDate>2021-08-24</creationDate>
	<copyright>Joomslot.com</copyright>
    <license>GNU General Public License version 2 or later; see LICENSE.txt</license>
	<author>Joomslot</author>
	<packagename>Joomslot</packagename>
	<version>1.0.0</version>
	<url>https://www.joomslot.com</url>
	<packager>Joomslot</packager>,
	<packagerurl>https://www.joomslot.com/download</packagerurl>
	<description>Component Slot Games For Joomla!</description>

	<scriptfile>script.php</scriptfile>
	<files folder="packages">
		<file type="component" id="com_joomslot" >com_joomslot1.0.0.zip</file>
		<file type="plugin" id="joomslotaccount" group="user">plg_joomslotaccount.zip</file>
		<file type="plugin" id="joomslotdemo" group="system">plg_joomslotdemo.zip</file>
		<file type="plugin" id="kennieclub" group="gppayment">plg_kennieclub.zip</file>
		<file type="module" id="joomslotjp" group="user">mod_joomslotjp.zip</file>
	</files>
	<updateservers>
		<server type="extension" name="Joomslot" priority="1">http://www.joomslot.com/jupdates/pkg_joomslot.xml</server>
	</updateservers>
</extension>
